<annotation>
	<folder>train</folder>
	<filename>10.jpg</filename>
	<path>D:\Projects\Object Detection\images\train\10.jpg</path>
	<source>
		<database>Unknown</database>
	</source>
	<size>
		<width>800</width>
		<height>600</height>
		<depth>3</depth>
	</size>
	<segmented>0</segmented>
	<object>
		<name>without mask</name>
		<pose>Unspecified</pose>
		<truncated>0</truncated>
		<difficult>0</difficult>
		<bndbox>
			<xmin>138</xmin>
			<ymin>152</ymin>
			<xmax>618</xmax>
			<ymax>453</ymax>
		</bndbox>
	</object>
</annotation>
