<annotation>
	<folder>train</folder>
	<filename>23-with-mask.jpg</filename>
	<path>D:\Projects\Object Detection\images\train\23-with-mask.jpg</path>
	<source>
		<database>Unknown</database>
	</source>
	<size>
		<width>800</width>
		<height>600</height>
		<depth>3</depth>
	</size>
	<segmented>0</segmented>
	<object>
		<name>with mask</name>
		<pose>Unspecified</pose>
		<truncated>0</truncated>
		<difficult>0</difficult>
		<bndbox>
			<xmin>197</xmin>
			<ymin>26</ymin>
			<xmax>628</xmax>
			<ymax>397</ymax>
		</bndbox>
	</object>
</annotation>
