<annotation>
	<folder>train</folder>
	<filename>23.jpg</filename>
	<path>D:\Projects\Object Detection\images\train\23.jpg</path>
	<source>
		<database>Unknown</database>
	</source>
	<size>
		<width>800</width>
		<height>600</height>
		<depth>3</depth>
	</size>
	<segmented>0</segmented>
	<object>
		<name>without mask</name>
		<pose>Unspecified</pose>
		<truncated>0</truncated>
		<difficult>0</difficult>
		<bndbox>
			<xmin>218</xmin>
			<ymin>71</ymin>
			<xmax>629</xmax>
			<ymax>385</ymax>
		</bndbox>
	</object>
</annotation>
