<annotation>
	<folder>train</folder>
	<filename>24.jpg</filename>
	<path>D:\Projects\Object Detection\images\train\24.jpg</path>
	<source>
		<database>Unknown</database>
	</source>
	<size>
		<width>800</width>
		<height>600</height>
		<depth>3</depth>
	</size>
	<segmented>0</segmented>
	<object>
		<name>without mask</name>
		<pose>Unspecified</pose>
		<truncated>0</truncated>
		<difficult>0</difficult>
		<bndbox>
			<xmin>88</xmin>
			<ymin>32</ymin>
			<xmax>627</xmax>
			<ymax>444</ymax>
		</bndbox>
	</object>
</annotation>
