<annotation>
	<folder>train</folder>
	<filename>30.jpg</filename>
	<path>D:\Projects\Object Detection\images\train\30.jpg</path>
	<source>
		<database>Unknown</database>
	</source>
	<size>
		<width>800</width>
		<height>600</height>
		<depth>3</depth>
	</size>
	<segmented>0</segmented>
	<object>
		<name>without mask</name>
		<pose>Unspecified</pose>
		<truncated>0</truncated>
		<difficult>0</difficult>
		<bndbox>
			<xmin>307</xmin>
			<ymin>130</ymin>
			<xmax>703</xmax>
			<ymax>450</ymax>
		</bndbox>
	</object>
</annotation>
