<annotation>
	<folder>train</folder>
	<filename>37.jpg</filename>
	<path>D:\Projects\Object Detection\images\train\37.jpg</path>
	<source>
		<database>Unknown</database>
	</source>
	<size>
		<width>800</width>
		<height>600</height>
		<depth>3</depth>
	</size>
	<segmented>0</segmented>
	<object>
		<name>without mask</name>
		<pose>Unspecified</pose>
		<truncated>0</truncated>
		<difficult>0</difficult>
		<bndbox>
			<xmin>223</xmin>
			<ymin>109</ymin>
			<xmax>539</xmax>
			<ymax>394</ymax>
		</bndbox>
	</object>
</annotation>
