<annotation>
	<folder>train</folder>
	<filename>4.jpg</filename>
	<path>D:\Projects\Object Detection\images\train\4.jpg</path>
	<source>
		<database>Unknown</database>
	</source>
	<size>
		<width>800</width>
		<height>600</height>
		<depth>3</depth>
	</size>
	<segmented>0</segmented>
	<object>
		<name>without mask</name>
		<pose>Unspecified</pose>
		<truncated>0</truncated>
		<difficult>0</difficult>
		<bndbox>
			<xmin>149</xmin>
			<ymin>44</ymin>
			<xmax>670</xmax>
			<ymax>578</ymax>
		</bndbox>
	</object>
</annotation>
