<annotation>
	<folder>train</folder>
	<filename>53-with-mask.jpg</filename>
	<path>D:\Projects\Object Detection\images\train\53-with-mask.jpg</path>
	<source>
		<database>Unknown</database>
	</source>
	<size>
		<width>800</width>
		<height>600</height>
		<depth>3</depth>
	</size>
	<segmented>0</segmented>
	<object>
		<name>with mask</name>
		<pose>Unspecified</pose>
		<truncated>0</truncated>
		<difficult>0</difficult>
		<bndbox>
			<xmin>156</xmin>
			<ymin>133</ymin>
			<xmax>565</xmax>
			<ymax>403</ymax>
		</bndbox>
	</object>
</annotation>
