<annotation>
	<folder>train</folder>
	<filename>53.jpg</filename>
	<path>D:\Projects\Object Detection\images\train\53.jpg</path>
	<source>
		<database>Unknown</database>
	</source>
	<size>
		<width>800</width>
		<height>600</height>
		<depth>3</depth>
	</size>
	<segmented>0</segmented>
	<object>
		<name>without mask</name>
		<pose>Unspecified</pose>
		<truncated>0</truncated>
		<difficult>0</difficult>
		<bndbox>
			<xmin>161</xmin>
			<ymin>132</ymin>
			<xmax>578</xmax>
			<ymax>397</ymax>
		</bndbox>
	</object>
</annotation>
