<annotation>
	<folder>train</folder>
	<filename>54.jpg</filename>
	<path>D:\Projects\Object Detection\images\train\54.jpg</path>
	<source>
		<database>Unknown</database>
	</source>
	<size>
		<width>800</width>
		<height>600</height>
		<depth>3</depth>
	</size>
	<segmented>0</segmented>
	<object>
		<name>without mask</name>
		<pose>Unspecified</pose>
		<truncated>0</truncated>
		<difficult>0</difficult>
		<bndbox>
			<xmin>159</xmin>
			<ymin>121</ymin>
			<xmax>719</xmax>
			<ymax>495</ymax>
		</bndbox>
	</object>
</annotation>
